{
  "data": [
    {
      "id": 1,
      "image": "user/1.jpg",
      "name": "Pork Lorn",
      "email": "pork@company.com",
      "date": "15 Feb 2019",
      "subject": "Mattis luctus. Donec nisi diam,",
      "type": "inbox",
      "text": "<p>Hello</p><p>Dear Sir Good Morning,</p><h5>Elementum varius nisi vel tempus. Donec eleifend egestas viverra.</h5><p class='m-b-20'>Lorem ipsum dolor sit amet, consectetur adipiscing elit. Curabitur non diam facilisis, commodo libero et, commodo sapien. Pellentesque sollicitudin massa sagittis dolor facilisis, sit amet vulputate nunc molestie. Pellentesque maximus nibh id luctus porta. Ut consectetur dui nec nulla mattis luctus. Donec nisi diam, congue vitae felis at, ullamcorper bibendum tortor. Vestibulum pellentesque felis felis. Etiam ac tortor felis. Ut elit arcu, rhoncus in laoreet vel, gravida sed tortor.</p><p>In elementum varius nisi vel tempus. Donec eleifend egestas viverra. Donec dapibus sollicitudin blandit. Donec scelerisque purus sit amet feugiat efficitur. Quisque feugiat semper sapien vel hendrerit. Mauris lacus felis, consequat nec pellentesque viverra, venenatis a lorem. Sed urna lectus.Quisque feugiat semper sapien vel hendrerit</p>",
      "favourite": true
    },
    {
      "id": 2,
      "image": "user/1.jpg",
      "name": "Lorm lpsa",
      "email": "lpsa@company.com",
      "date": "15 Feb 2019",
      "subject": "Mattis luctus. Donec nisi diam,",
      "type": "inbox",
      "text": "<p>Hello</p><p>Dear Sir Good Morning,</p><h5>Elementum varius nisi vel tempus. Donec eleifend egestas viverra.</h5><p class='m-b-20'>Lorem ipsum dolor sit amet, consectetur adipiscing elit. Curabitur non diam facilisis, commodo libero et, commodo sapien. Pellentesque sollicitudin massa sagittis dolor facilisis, sit amet vulputate nunc molestie. Pellentesque maximus nibh id luctus porta. Ut consectetur dui nec nulla mattis luctus. Donec nisi diam, congue vitae felis at, ullamcorper bibendum tortor. Vestibulum pellentesque felis felis. Etiam ac tortor felis. Ut elit arcu, rhoncus in laoreet vel, gravida sed tortor.</p><p>In elementum varius nisi vel tempus. Donec eleifend egestas viverra. Donec dapibus sollicitudin blandit. Donec scelerisque purus sit amet feugiat efficitur. Quisque feugiat semper sapien vel hendrerit. Mauris lacus felis, consequat nec pellentesque viverra, venenatis a lorem. Sed urna lectus.Quisque feugiat semper sapien vel hendrerit</p>",
      "favourite": false
    },
    {
      "id": 3,
      "image": "user/3.jpg",
      "name": "Vincent Porter",
      "email": "vincent@company.com",
      "date": "15 Feb 2019",
      "subject": "Mattis luctus. Donec nisi diam,",
      "type": "inbox",
      "text": "<p>Hello</p><p>Dear Sir Good Morning,</p><h5>Elementum varius nisi vel tempus. Donec eleifend egestas viverra.</h5><p class='m-b-20'>Lorem ipsum dolor sit amet, consectetur adipiscing elit. Curabitur non diam facilisis, commodo libero et, commodo sapien. Pellentesque sollicitudin massa sagittis dolor facilisis, sit amet vulputate nunc molestie. Pellentesque maximus nibh id luctus porta. Ut consectetur dui nec nulla mattis luctus. Donec nisi diam, congue vitae felis at, ullamcorper bibendum tortor. Vestibulum pellentesque felis felis. Etiam ac tortor felis. Ut elit arcu, rhoncus in laoreet vel, gravida sed tortor.</p><p>In elementum varius nisi vel tempus. Donec eleifend egestas viverra. Donec dapibus sollicitudin blandit. Donec scelerisque purus sit amet feugiat efficitur. Quisque feugiat semper sapien vel hendrerit. Mauris lacus felis, consequat nec pellentesque viverra, venenatis a lorem. Sed urna lectus.Quisque feugiat semper sapien vel hendrerit</p>",
      "favourite": false
    },
    {
      "id": 4,
      "image": "user/4.jpg",
      "name": "Vincent Porter",
      "email": "vincent@company.com",
      "date": "14 Feb 2019",
      "subject": "Mattis luctus. Donec nisi diam,",
      "type": "sent",
      "text": "<p>Hello</p><p>Dear Sir Good Morning,</p><h5>Elementum varius nisi vel tempus. Donec eleifend egestas viverra.</h5><p class='m-b-20'>Lorem ipsum dolor sit amet, consectetur adipiscing elit. Curabitur non diam facilisis, commodo libero et, commodo sapien. Pellentesque sollicitudin massa sagittis dolor facilisis, sit amet vulputate nunc molestie. Pellentesque maximus nibh id luctus porta. Ut consectetur dui nec nulla mattis luctus. Donec nisi diam, congue vitae felis at, ullamcorper bibendum tortor. Vestibulum pellentesque felis felis. Etiam ac tortor felis. Ut elit arcu, rhoncus in laoreet vel, gravida sed tortor.</p><p>In elementum varius nisi vel tempus. Donec eleifend egestas viverra. Donec dapibus sollicitudin blandit. Donec scelerisque purus sit amet feugiat efficitur. Quisque feugiat semper sapien vel hendrerit. Mauris lacus felis, consequat nec pellentesque viverra, venenatis a lorem. Sed urna lectus.Quisque feugiat semper sapien vel hendrerit</p>",
      "favourite": false
    },
    {
      "id": 5,
      "image": "user/5.jpg",
      "name": "Vincent Porter",
      "email": "vincent@company.com",
      "date": "15 Feb 2019",
      "subject": "Mattis luctus. Donec nisi diam,",
      "type": "sent",
      "text": "<p>Hello</p><p>Dear Sir Good Morning,</p><h5>Elementum varius nisi vel tempus. Donec eleifend egestas viverra.</h5><p class='m-b-20'>Lorem ipsum dolor sit amet, consectetur adipiscing elit. Curabitur non diam facilisis, commodo libero et, commodo sapien. Pellentesque sollicitudin massa sagittis dolor facilisis, sit amet vulputate nunc molestie. Pellentesque maximus nibh id luctus porta. Ut consectetur dui nec nulla mattis luctus. Donec nisi diam, congue vitae felis at, ullamcorper bibendum tortor. Vestibulum pellentesque felis felis. Etiam ac tortor felis. Ut elit arcu, rhoncus in laoreet vel, gravida sed tortor.</p><p>In elementum varius nisi vel tempus. Donec eleifend egestas viverra. Donec dapibus sollicitudin blandit. Donec scelerisque purus sit amet feugiat efficitur. Quisque feugiat semper sapien vel hendrerit. Mauris lacus felis, consequat nec pellentesque viverra, venenatis a lorem. Sed urna lectus.Quisque feugiat semper sapien vel hendrerit</p>",
      "favourite": false
    },
    {
      "id": 6,
      "image": "user/6.jpg",
      "name": "Vincent Porter",
      "email": "vincent@company.com",
      "date": "15 Feb 2019",
      "subject": "Mattis luctus. Donec nisi diam,",
      "type": "sent",
      "text": "<p>Hello</p><p>Dear Sir Good Morning,</p><h5>Elementum varius nisi vel tempus. Donec eleifend egestas viverra.</h5><p class='m-b-20'>Lorem ipsum dolor sit amet, consectetur adipiscing elit. Curabitur non diam facilisis, commodo libero et, commodo sapien. Pellentesque sollicitudin massa sagittis dolor facilisis, sit amet vulputate nunc molestie. Pellentesque maximus nibh id luctus porta. Ut consectetur dui nec nulla mattis luctus. Donec nisi diam, congue vitae felis at, ullamcorper bibendum tortor. Vestibulum pellentesque felis felis. Etiam ac tortor felis. Ut elit arcu, rhoncus in laoreet vel, gravida sed tortor.</p><p>In elementum varius nisi vel tempus. Donec eleifend egestas viverra. Donec dapibus sollicitudin blandit. Donec scelerisque purus sit amet feugiat efficitur. Quisque feugiat semper sapien vel hendrerit. Mauris lacus felis, consequat nec pellentesque viverra, venenatis a lorem. Sed urna lectus.Quisque feugiat semper sapien vel hendrerit</p>",
      "favourite": false
    },
    {
      "id": 7,
      "image": "user/7.jpg",
      "name": "Vincent Porter",
      "email": "vincent@company.com",
      "date": "15 Feb 2019",
      "subject": "Mattis luctus. Donec nisi diam,",
      "type": "trash",
      "text": "<p>Hello</p><p>Dear Sir Good Morning,</p><h5>Elementum varius nisi vel tempus. Donec eleifend egestas viverra.</h5><p class='m-b-20'>Lorem ipsum dolor sit amet, consectetur adipiscing elit. Curabitur non diam facilisis, commodo libero et, commodo sapien. Pellentesque sollicitudin massa sagittis dolor facilisis, sit amet vulputate nunc molestie. Pellentesque maximus nibh id luctus porta. Ut consectetur dui nec nulla mattis luctus. Donec nisi diam, congue vitae felis at, ullamcorper bibendum tortor. Vestibulum pellentesque felis felis. Etiam ac tortor felis. Ut elit arcu, rhoncus in laoreet vel, gravida sed tortor.</p><p>In elementum varius nisi vel tempus. Donec eleifend egestas viverra. Donec dapibus sollicitudin blandit. Donec scelerisque purus sit amet feugiat efficitur. Quisque feugiat semper sapien vel hendrerit. Mauris lacus felis, consequat nec pellentesque viverra, venenatis a lorem. Sed urna lectus.Quisque feugiat semper sapien vel hendrerit</p>",
      "favourite": false
    },
    {
      "id": 8,
      "image": "user/8.jpg",
      "name": "Vincent Porter",
      "email": "vincent@company.com",
      "date": "15 Feb 2019",
      "subject": "Mattis luctus. Donec nisi diam,",
      "type": "trash",
      "text": "<p>Hello</p><p>Dear Sir Good Morning,</p><h5>Elementum varius nisi vel tempus. Donec eleifend egestas viverra.</h5><p class='m-b-20'>Lorem ipsum dolor sit amet, consectetur adipiscing elit. Curabitur non diam facilisis, commodo libero et, commodo sapien. Pellentesque sollicitudin massa sagittis dolor facilisis, sit amet vulputate nunc molestie. Pellentesque maximus nibh id luctus porta. Ut consectetur dui nec nulla mattis luctus. Donec nisi diam, congue vitae felis at, ullamcorper bibendum tortor. Vestibulum pellentesque felis felis. Etiam ac tortor felis. Ut elit arcu, rhoncus in laoreet vel, gravida sed tortor.</p><p>In elementum varius nisi vel tempus. Donec eleifend egestas viverra. Donec dapibus sollicitudin blandit. Donec scelerisque purus sit amet feugiat efficitur. Quisque feugiat semper sapien vel hendrerit. Mauris lacus felis, consequat nec pellentesque viverra, venenatis a lorem. Sed urna lectus.Quisque feugiat semper sapien vel hendrerit</p>",
      "favourite": false
    },
    {
      "id": 9,
      "image": "user/9.jpg",
      "name": "Vincent Porter",
      "email": "vincent@company.com",
      "date": "15 Feb 2019",
      "subject": "Mattis luctus. Donec nisi diam,",
      "type": "trash",
      "text": "<p>Hello</p><p>Dear Sir Good Morning,</p><h5>Elementum varius nisi vel tempus. Donec eleifend egestas viverra.</h5><p class='m-b-20'>Lorem ipsum dolor sit amet, consectetur adipiscing elit. Curabitur non diam facilisis, commodo libero et, commodo sapien. Pellentesque sollicitudin massa sagittis dolor facilisis, sit amet vulputate nunc molestie. Pellentesque maximus nibh id luctus porta. Ut consectetur dui nec nulla mattis luctus. Donec nisi diam, congue vitae felis at, ullamcorper bibendum tortor. Vestibulum pellentesque felis felis. Etiam ac tortor felis. Ut elit arcu, rhoncus in laoreet vel, gravida sed tortor.</p><p>In elementum varius nisi vel tempus. Donec eleifend egestas viverra. Donec dapibus sollicitudin blandit. Donec scelerisque purus sit amet feugiat efficitur. Quisque feugiat semper sapien vel hendrerit. Mauris lacus felis, consequat nec pellentesque viverra, venenatis a lorem. Sed urna lectus.Quisque feugiat semper sapien vel hendrerit</p>",
      "favourite": false
    },
    {
      "id": 10,
      "image": "user/5.jpg",
      "name": "Vincent Porter",
      "email": "vincent@company.com",
      "date": "15 Feb 2019",
      "subject": "Mattis luctus. Donec nisi diam,",
      "type": "draft",
      "text": "<p>Hello</p><p>Dear Sir Good Morning,</p><h5>Elementum varius nisi vel tempus. Donec eleifend egestas viverra.</h5><p class='m-b-20'>Lorem ipsum dolor sit amet, consectetur adipiscing elit. Curabitur non diam facilisis, commodo libero et, commodo sapien. Pellentesque sollicitudin massa sagittis dolor facilisis, sit amet vulputate nunc molestie. Pellentesque maximus nibh id luctus porta. Ut consectetur dui nec nulla mattis luctus. Donec nisi diam, congue vitae felis at, ullamcorper bibendum tortor. Vestibulum pellentesque felis felis. Etiam ac tortor felis. Ut elit arcu, rhoncus in laoreet vel, gravida sed tortor.</p><p>In elementum varius nisi vel tempus. Donec eleifend egestas viverra. Donec dapibus sollicitudin blandit. Donec scelerisque purus sit amet feugiat efficitur. Quisque feugiat semper sapien vel hendrerit. Mauris lacus felis, consequat nec pellentesque viverra, venenatis a lorem. Sed urna lectus.Quisque feugiat semper sapien vel hendrerit</p>",
      "favourite": false
    },
    {
      "id": 11,
      "image": "user/5.jpg",
      "name": "Vincent Porter",
      "email": "vincent@company.com",
      "date": "15 Feb 2019",
      "subject": "Mattis luctus. Donec nisi diam,",
      "type": "draft",
      "text": "<p>Hello</p><p>Dear Sir Good Morning,</p><h5>Elementum varius nisi vel tempus. Donec eleifend egestas viverra.</h5><p class='m-b-20'>Lorem ipsum dolor sit amet, consectetur adipiscing elit. Curabitur non diam facilisis, commodo libero et, commodo sapien. Pellentesque sollicitudin massa sagittis dolor facilisis, sit amet vulputate nunc molestie. Pellentesque maximus nibh id luctus porta. Ut consectetur dui nec nulla mattis luctus. Donec nisi diam, congue vitae felis at, ullamcorper bibendum tortor. Vestibulum pellentesque felis felis. Etiam ac tortor felis. Ut elit arcu, rhoncus in laoreet vel, gravida sed tortor.</p><p>In elementum varius nisi vel tempus. Donec eleifend egestas viverra. Donec dapibus sollicitudin blandit. Donec scelerisque purus sit amet feugiat efficitur. Quisque feugiat semper sapien vel hendrerit. Mauris lacus felis, consequat nec pellentesque viverra, venenatis a lorem. Sed urna lectus.Quisque feugiat semper sapien vel hendrerit</p>",
      "favourite": false
    },
    {
      "id": 12,
      "image": "user/5.jpg",
      "name": "Vincent Porter",
      "email": "vincent@company.com",
      "date": "15 Feb 2019",
      "subject": "Mattis luctus. Donec nisi diam,",
      "type": "outbox",
      "text": "<p>Hello</p><p>Dear Sir Good Morning,</p><h5>Elementum varius nisi vel tempus. Donec eleifend egestas viverra.</h5><p class='m-b-20'>Lorem ipsum dolor sit amet, consectetur adipiscing elit. Curabitur non diam facilisis, commodo libero et, commodo sapien. Pellentesque sollicitudin massa sagittis dolor facilisis, sit amet vulputate nunc molestie. Pellentesque maximus nibh id luctus porta. Ut consectetur dui nec nulla mattis luctus. Donec nisi diam, congue vitae felis at, ullamcorper bibendum tortor. Vestibulum pellentesque felis felis. Etiam ac tortor felis. Ut elit arcu, rhoncus in laoreet vel, gravida sed tortor.</p><p>In elementum varius nisi vel tempus. Donec eleifend egestas viverra. Donec dapibus sollicitudin blandit. Donec scelerisque purus sit amet feugiat efficitur. Quisque feugiat semper sapien vel hendrerit. Mauris lacus felis, consequat nec pellentesque viverra, venenatis a lorem. Sed urna lectus.Quisque feugiat semper sapien vel hendrerit</p>",
      "favourite": false
    },
    {
      "id": 13,
      "image": "user/1.jpg",
      "name": "Vincent Porter",
      "email": "vincent@company.com",
      "date": "15 Feb 2019",
      "subject": "Mattis luctus. Donec nisi diam,",
      "type": "newsletter",
      "text": "<p>Hello</p><p>Dear Sir Good Morning,</p><h5>Elementum varius nisi vel tempus. Donec eleifend egestas viverra.</h5><p class='m-b-20'>Lorem ipsum dolor sit amet, consectetur adipiscing elit. Curabitur non diam facilisis, commodo libero et, commodo sapien. Pellentesque sollicitudin massa sagittis dolor facilisis, sit amet vulputate nunc molestie. Pellentesque maximus nibh id luctus porta. Ut consectetur dui nec nulla mattis luctus. Donec nisi diam, congue vitae felis at, ullamcorper bibendum tortor. Vestibulum pellentesque felis felis. Etiam ac tortor felis. Ut elit arcu, rhoncus in laoreet vel, gravida sed tortor.</p><p>In elementum varius nisi vel tempus. Donec eleifend egestas viverra. Donec dapibus sollicitudin blandit. Donec scelerisque purus sit amet feugiat efficitur. Quisque feugiat semper sapien vel hendrerit. Mauris lacus felis, consequat nec pellentesque viverra, venenatis a lorem. Sed urna lectus.Quisque feugiat semper sapien vel hendrerit</p>",
      "favourite": false
    },
    {
      "id": 14,
      "image": "user/5.jpg",
      "name": "Vincent Porter",
      "email": "vincent@company.com",
      "date": "15 Feb 2019",
      "subject": "Mattis luctus. Donec nisi diam,",
      "type": "unread",
      "text": "<p>Hello</p><p>Dear Sir Good Morning,</p><h5>Elementum varius nisi vel tempus. Donec eleifend egestas viverra.</h5><p class='m-b-20'>Lorem ipsum dolor sit amet, consectetur adipiscing elit. Curabitur non diam facilisis, commodo libero et, commodo sapien. Pellentesque sollicitudin massa sagittis dolor facilisis, sit amet vulputate nunc molestie. Pellentesque maximus nibh id luctus porta. Ut consectetur dui nec nulla mattis luctus. Donec nisi diam, congue vitae felis at, ullamcorper bibendum tortor. Vestibulum pellentesque felis felis. Etiam ac tortor felis. Ut elit arcu, rhoncus in laoreet vel, gravida sed tortor.</p><p>In elementum varius nisi vel tempus. Donec eleifend egestas viverra. Donec dapibus sollicitudin blandit. Donec scelerisque purus sit amet feugiat efficitur. Quisque feugiat semper sapien vel hendrerit. Mauris lacus felis, consequat nec pellentesque viverra, venenatis a lorem. Sed urna lectus.Quisque feugiat semper sapien vel hendrerit</p>",
      "favourite": false
    },
    {
      "id": 15,
      "image": "user/5.jpg",
      "name": "Vincent Porter",
      "email": "vincent@company.com",
      "date": "15 Feb 2019",
      "subject": "Mattis luctus. Donec nisi diam,",
      "type": "spam",
      "text": "<p>Hello</p><p>Dear Sir Good Morning,</p><h5>Elementum varius nisi vel tempus. Donec eleifend egestas viverra.</h5><p class='m-b-20'>Lorem ipsum dolor sit amet, consectetur adipiscing elit. Curabitur non diam facilisis, commodo libero et, commodo sapien. Pellentesque sollicitudin massa sagittis dolor facilisis, sit amet vulputate nunc molestie. Pellentesque maximus nibh id luctus porta. Ut consectetur dui nec nulla mattis luctus. Donec nisi diam, congue vitae felis at, ullamcorper bibendum tortor. Vestibulum pellentesque felis felis. Etiam ac tortor felis. Ut elit arcu, rhoncus in laoreet vel, gravida sed tortor.</p><p>In elementum varius nisi vel tempus. Donec eleifend egestas viverra. Donec dapibus sollicitudin blandit. Donec scelerisque purus sit amet feugiat efficitur. Quisque feugiat semper sapien vel hendrerit. Mauris lacus felis, consequat nec pellentesque viverra, venenatis a lorem. Sed urna lectus.Quisque feugiat semper sapien vel hendrerit</p>",
      "favourite": false
    }
  ]
}