{
    "data": [
        {
            "title": "Quick Questions are answered",
            "text1": "Lorem Ipsum is simply dummy text of the printing",
            "text2": "Lorem Ipsum has been the industry's standard dummy",
            "text2_badge": "New",
            "text3": "When an unknown printer took a galley",
            "text4": "But also the leap into electronic typesetting,",
            "text5": "See More (40)"
        },
        {
            "title": "Integrating WordPress with Your Website",
            "text1": "It was popularised in the 1960s with the release",
            "text1_badge": "Review",
            "text2": "Etraset sheets containing Lorem Ipsum passages",
            "text3": "Desktop publishing software like Aldus PageMaker",
            "text3_badge": "Articles",
            "text4": "Making this the first true generator on the Internet.",
            "text5": "See More (90)"
        },
        {
            "title": "WordPress Site Maintenance",
            "text1": "The point of using Lorem Ipsum is that",
            "text2": "Normal distribution of letters, as opposed to using",
            "text2_badge": "Closed",
            "text3": "Lorem Ipsum, you need to be sure there isn't anything ",
            "text4": "Repetition, injected humour, or non-characteristic",
            "text5": "See More (50)"
        },
        {
            "title": "Meta Tags in WordPress",
            "text1": "Nemo enim ipsam voluptatem quia voluptas sit",
            "text1_badge": "Popular",
            "text2": "Ipsum quia dolor sit amet, consectetur",
            "text3": "Sed quia non numquam eius modi tempora incidunt",
            "text4": "Lorem eum fugiat quo voluptas nulla pariatu",
            "text5": "See More (90)"
        },
        {
            "title": "WordPress in Your Language",
            "text1": "Desktop publishing software like Aldus PageMaker",
            "text2": "Etraset sheets containing Lorem Ipsum passages",
            "text3": "It was popularised in the 1960s with the release",
            "text4": "Making this the first true generator on the Internet",
            "text4_badge": "Closed",
            "text5": "See More (50)"
        },
        {
            "title": "Know Your Sources",
            "text1": "The point of using Lorem Ipsum ",
            "text2": "It has a more-or-less normal distribution of letters",
            "text3": "Et harum quidem rerum facilis est et expedita",
            "text3_badge": "Article",
            "text4": "Nam libero tempore, cum soluta nobis est eligendi ",
            "text5": "See More (26)"
        },
        {
            "title": "Validating a Website",
            "text1": "When our power of choice is untrammelled",
            "text1_badge": "Review",
            "text2": "It will frequently occur that pleasures",
            "text3": "who fail in their duty through weakness",
            "text3_badge": "Closed",
            "text4": " At vero eos et accusamus et iusto",
            "text5": "See More (10)"
        },
        {
            "title": "Quick Questions are answered",
            "text1": "Quis autem vel eum iure reprehenderit",
            "text2": "Ducimus  blanditiis praesentium voluptatum",
            "text2_badge": "Popular",
            "text3": "Omnis voluptas assumenda est",
            "text3_badge": "Review",
            "text4": "Produces no resultant pleasure",
            "text5": "See More (21)"
        },
        {
            "title": "Integrating WordPress with Your Website",
            "text1": "Lorem Ipsum passage, and going through",
            "text2": "The first line of Lorem Ipsum,  Lorem ipsum ",
            "text3": "Thus comes from a line in section",
            "text4": "First true generator on the Internet",
            "text4_badge": "On hold",
            "text5": "See More (34)"
        }
    ],
    "latest_video": [
        {
            "title": "Using Video",
            "desc": "Cras dapibus. Vivamus elementum semper nisi. Aenean vulputate eleifend tellus."
        },
        {
            "title": "Donec pede justo",
            "desc": "Cras dapibus. Vivamus elementum semper nisi. Aenean vulputate eleifend tellus."
        },
        {
            "title": "Vel illum qu",
            "desc": "Cras dapibus. Vivamus elementum semper nisi. Aenean vulputate eleifend tellus."
        },
        {
            "title": "Vel illum",
            "desc": "Cras dapibus. Vivamus elementum semper nisi. Aenean vulputate eleifend tellus."
        },
        {
            "title": "Nam quam nunc",
            "desc": "Cras dapibus. Vivamus elementum semper nisi. Aenean vulputate eleifend tellus."
        },
        {
            "title": "Cum sociis natoqu",
            "desc": "Cras dapibus. Vivamus elementum semper nisi. Aenean vulputate eleifend tellus."
        },
        {
            "title": "Cum sociis natoqu",
            "desc": "Cras dapibus. Vivamus elementum semper nisi. Aenean vulputate eleifend tellus."
        },
        {
            "title": "Using Video",
            "desc": "Cras dapibus. Vivamus elementum semper nisi. Aenean vulputate eleifend tellus."
        },
        {
            "title": "Donec pede justo",
            "desc": "Cras dapibus. Vivamus elementum semper nisi. Aenean vulputate eleifend tellus."
        }
    ]
}