{
    "data": [
        {
            "img": "product/1.png",
            "product": "Long Top",
            "prdouctstatus": "Processing",
            "size": "M",
            "color": "Lavander",
            "articlenumber": "4215738",
            "units": "1",
            "price": "$21"
        },
        {
            "img": "product/13.png",
            "product": "Fancy watch",
            "prdouctstatus": "Processing",
            "size": "35mm",
            "color": "Blue",
            "articlenumber": "5476182",
            "units": "1",
            "price": "$10"
        },
        {
            "img": "product/4.png",
            "product": "Man shoes",
            "prdouctstatus": "Processing",
            "size": "8",
            "color": "Black & white",
            "articlenumber": "1756457",
            "units": "1",
            "price": "$18"
        },
        {
            "img": "product/10.png",
            "product": "Ledis side bag",
            "prdouctstatus": "Shipped",
            "size": "22cm x 18cm",
            "color": "Brown",
            "articlenumber": "7451725",
            "units": "1",
            "price": "$13"
        },
        {
            "img": "product/12.png",
            "product": "Ledis Slipper",
            "prdouctstatus": "Shipped",
            "size": "6",
            "color": "Brown & white",
            "articlenumber": "4127421",
            "units": "1",
            "price": "$6"
        },
        {
            "img": "product/3.png",
            "product": "Fancy ledis Jacket",
            "prdouctstatus": "Shipped",
            "size": "Xl",
            "color": "Light gray",
            "articlenumber": "3581714",
            "units": "1",
            "price": "$24"
        },
        {
            "img": "product/2.png",
            "product": "Ledis Handbag",
            "prdouctstatus": "Shipped",
            "size": "25cm x 20cm",
            "color": "Black",
            "articlenumber": "6748142",
            "units": "1",
            "price": "$14"
        },
        {
            "img": "product/15.png",
            "product": "Iphone6 mobile",
            "prdouctstatus": "Cancelled",
            "size": "10cm x 15cm",
            "color": "Black",
            "articlenumber": "5748214",
            "units": "1",
            "price": "$25"
        },
        {
            "img": "product/14.png",
            "product": "Watch",
            "prdouctstatus": "Cancelled",
            "size": "27mm",
            "color": "Brown",
            "articlenumber": "2471254",
            "units": "1",
            "price": "$12"
        },
        {
            "img": "product/11.png",
            "product": "Slipper",
            "prdouctstatus": "Cancelled",
            "size": "6",
            "color": "Blue",
            "articlenumber": "8475112",
            "units": "1",
            "price": "$6"
        }
    ]
}