{
  "data": [
    {
      "sku": 1,
      "name": "Fusion white Shirt",
      "images": ["ecommerce/01.jpg","ecommerce/02.jpg","ecommerce/03.jpg","ecommerce/04.jpg"],
      "shortDescription": "Simply dummy text of the printing.",
      "description": "It is a long established fact that a reader will be distracted by the readable content of a page when looking at its layout. The point of using Lorem Ipsum is that it has a more-or-less normal distribution of letters,It is a long established fact that a reader will be distracted by the readable content of a page when looking at its layout.",
      "details": "This is where some detailes on monkies would go. This monkey done seent some shit.",
      "salePrice": 350.50,
      "price": 26.50,
      "sale": true,
      "category": ["mens","mens tshirt"],
      "colors": ["white", "black", "green"],
      "size": ["M", "L", "XL"],
      "brand": "zara",
      "tags": ["mens","mens tshirt","white", "black", "green","zara"],
      "stock":10
    },
    {
      "sku": 2,
      "name": "Fusion Blue Shirt",
      "images": ["ecommerce/02.jpg","ecommerce/03.jpg","ecommerce/04.jpg","ecommerce/05.jpg"],
      "shortDescription": "Simply dummy text of the printing.",
      "description": "It is a long established fact that a reader will be distracted by the readable content of a page when looking at its layout. The point of using Lorem Ipsum is that it has a more-or-less normal distribution of letters,It is a long established fact that a reader will be distracted by the readable content of a page when looking at its layout.",
      "details": "This is where some detailes on monkies would go. This monkey done seent some shit.",
      "salePrice": 350.50,
      "price": 30.00,
      "sale": false,
      "category": ["mens","mens tshirt"],
      "colors": ["yellow", "gray", "green"],
      "size": ["M", "L", "XL"],
      "brand": "zara",
       "tags": ["mens","mens tshirt","yellow", "gray", "green","zara"],
      "quantity":3,
      "stock":10
    },
    {
      "sku": 3,
      "name": "Polo T-shirt",
      "images": ["ecommerce/03.jpg","ecommerce/03.jpg","ecommerce/04.jpg","ecommerce/05.jpg"],
      "shortDescription": "Simply dummy text of the printing.",
      "description": "It is a long established fact that a reader will be distracted by the readable content of a page when looking at its layout. The point of using Lorem Ipsum is that it has a more-or-less normal distribution of letters,It is a long established fact that a reader will be distracted by the readable content of a page when looking at its layout. ",
      "details": "This is where some detailes on monkies would go. This monkey done seent some shit.",
      "salePrice": 400.00,
      "price": 750.50,
      "sale": false,
      "category": ["mens","mens tshirt"],
      "colors": ["yellow", "gray", "green"],
      "size": ["M", "L", "XL"],
      "brand": "max",
       "tags": ["mens","mens tshirt","yellow", "gray", "green","max"],
      "quantity":3,
      "stock":10
    },
    {
      "sku": 4,
      "name": "Crop Top",
      "images": ["ecommerce/04.jpg","ecommerce/03.jpg","ecommerce/04.jpg","ecommerce/05.jpg"],
      "shortDescription": "Simply dummy text of the printing.",
      "description": "It is a long established fact that a reader will be distracted by the readable content of a page when looking at its layout. The point of using Lorem Ipsum is that it has a more-or-less normal distribution of letters,It is a long established fact that a reader will be distracted by the readable content of a page when looking at its layout. The point of using Lorem Ipsum is that it has a more-or-less normal distribution of letters",
      "details": "This is where some detailes on monkies would go. This monkey done seent some shit.",
      "salePrice": 446.50,
      "price": 289.50,
      "sale": false,
      "category": ["girls", "crop top"],
      "colors": ["yellow", "gray", "white"],
      "size": ["M", "L", "XL"],
      "brand": "biba",
       "tags": ["girls", "crop top","yellow", "gray", "white","biba"],
      "quantity":3,
      "stock":10
    },
    {
      "sku": 5,
      "name": "Stykers Crop Top",
      "images": ["ecommerce/05.jpg","ecommerce/03.jpg","ecommerce/04.jpg","ecommerce/05.jpg"],
      "shortDescription": "Simply dummy text of the printing.",
      "description": "It is a long established fact that a reader will be distracted by the readable content of a page when looking at its layout. The point of using Lorem Ipsum is that it has a more-or-less normal distribution of letters,It is a long established fact that a reader will be distracted by the readable content of a page when looking at its layout. The point of using Lorem Ipsum is that it has a more-or-less normal distribution of letters",
      "details": "This is where some detailes on monkies would go. This monkey done seent some shit.",
      "salePrice": 350.50,
      "price": 80.50,
      "sale": false,
      "category": ["girls", "crop top"],
      "colors": ["yellow", "gray", "black"],
      "size": ["M", "L", "XL"],
      "brand": "lifestyle",
      "tags": ["girls", "crop top","yellow", "gray", "black","lifestyle"],
      "quantity":3,
      "stock":10
    },
    {
      "sku": 6,
      "name": "Jeans-T-shirt",
      "images": ["ecommerce/06.jpg","ecommerce/03.jpg","ecommerce/04.jpg","ecommerce/05.jpg"],
      "shortDescription": "Simply dummy text of the printing.",
      "description": "It is a long established fact that a reader will be distracted by the readable content of a page when looking at its layout. The point of using Lorem Ipsum is that it has a more-or-less normal distribution of letters,It is a long established fact that a reader will be distracted by the readable content of a page when looking at its layout. The point of using Lorem Ipsum is that it has a more-or-less normal distribution of letters",
      "details": "This is where some detailes on monkies would go. This monkey done seent some shit.",
      "salePrice": 350.50,
      "price": 35.50,
      "sale": false,
      "category": ["girls", "girls jeans","girls tshirt"],
      "colors": ["yellow", "gray", "pink"],
      "size": ["M", "L", "XL"],
      "brand": "zara",
       "tags": ["girls", "girls jeans","girls tshirt","yellow", "gray", "pink","zara"],
      "quantity":3,
      "stock":10
    },
    {
      "sku": 7,
      "name": "Jeans-T-shirt style2",
      "images": ["ecommerce/11.jpg","ecommerce/03.jpg","ecommerce/04.jpg","ecommerce/05.jpg"],
      "shortDescription": "Simply dummy text of the printing.",
      "description": "It is a long established fact that a reader will be distracted by the readable content of a page when looking at its layout. The point of using Lorem Ipsum is that it has a more-or-less normal distribution of letters,It is a long established fact that a reader will be distracted by the readable content of a page when looking at its layout. The point of using Lorem Ipsum is that it has a more-or-less normal distribution of letters",
      "details": "This is where some detailes on monkies would go. This monkey done seent some shit.",
      "salePrice": 890.50,
      "price": 35.50,
      "sale": false,
      "category": ["girls jeans","girls tshirt"],
      "colors": ["yellow", "gray", "green"],
      "size": ["M", "L", "XL"],
      "brand": "zara",
       "tags": ["girls jeans","girls tshirt","yellow", "gray", "green","zara"],
      "quantity":3,
      "stock":10
    },
    {
      "sku": 8,
      "name": "Jeans",
      "images": ["ecommerce/12.jpg","ecommerce/03.jpg","ecommerce/04.jpg","ecommerce/05.jpg"],
      "shortDescription": "Simply dummy text of the printing.",
      "description": "It is a long established fact that a reader will be distracted by the readable content of a page when looking at its layout. The point of using Lorem Ipsum is that it has a more-or-less normal distribution of letters,It is a long established fact that a reader will be distracted by the readable content of a page when looking at its layout. The point of using Lorem Ipsum is that it has a more-or-less normal distribution of letters",
      "details": "This is where some detailes on monkies would go. This monkey done seent some shit.",
      "salePrice": 260.50,
      "price": 100.50,
      "sale": false,
      "category": ["mens","mens jeans"],
      "colors": ["yellow", "gray", "green"],
      "size": ["M", "L", "XL"],
      "brand": "max",
      "tags": ["mens","mens jeans","yellow", "gray", "green","max"],
      "quantity":3,
      "stock":10
    },
    {
      "sku": 9,
      "name": "T-shirt",
      "images": ["ecommerce/09.jpg","ecommerce/03.jpg","ecommerce/04.jpg","ecommerce/05.jpg"],
      "shortDescription": "Simply dummy text of the printing.",
      "description": "It is a long established fact that a reader will be distracted by the readable content of a page when looking at its layout. The point of using Lorem Ipsum is that it has a more-or-less normal distribution of letters,It is a long established fact that a reader will be distracted by the readable content of a page when looking at its layout. The point of using Lorem Ipsum is that it has a more-or-less normal distribution of letters",
      "details": "This is where some detailes on monkies would go. This monkey done seent some shit.",
      "salePrice": 450.50,
      "price": 350.50,
      "sale": false,
      "category": ["girls","girls tshirt"],
      "colors": ["yellow", "gray", "red"],
      "size": ["M", "L", "XL"],
      "brand": "zara",
       "tags": ["girls","girls tshirt","yellow", "gray", "red","biba"],
      "quantity":3,
      "stock":10
    },
    {
      "sku": 10,
      "name": "Yellow base T-shirt",
      "images": ["ecommerce/10.jpg","ecommerce/03.jpg","ecommerce/04.jpg","ecommerce/05.jpg"],
      "shortDescription": "Simply dummy text of the printing.",
      "description": "It is a long established fact that a reader will be distracted by the readable content of a page when looking at its layout. The point of using Lorem Ipsum is that it has a more-or-less normal distribution of letters,It is a long established fact that a reader will be distracted by the readable content of a page when looking at its layout. The point of using Lorem Ipsum is that it has a more-or-less normal distribution of letters",
      "details": "This is where some detailes on monkies would go. This monkey done seent some shit.",
      "price": 350.50,
      "salePrice": 26.50,
      "sale": false,
      "category": ["girls","girls tshirt"],
      "colors": ["yellow", "gray", "green"],
      "size": ["M", "L", "XL"],
      "brand": "lifestyle",
       "tags": ["girls","girls tshirt","yellow", "gray", "green","lifestyle"],
      "quantity":3,
      "stock":10
    }
  ]
}